{"cameraMode":{"drawMode":0,"name":"Shaded","section":"Shading Mode"},"sceneLighting":false,"audioPlay":false,"sceneViewState":{"showFog":true,"showMaterialUpdate":false,"showSkybox":false,"showFlares":true,"showImageEffects":true,"showParticleSystems":true,"showVisualEffectGraphs":true,"m_FxEnabled":true},"in2DMode":false,"pivot":{"x":0.15095216035842896,"y":2.477543830871582,"z":1.5435465574264527},"rotation":{"x":-0.1556692123413086,"y":-0.006818484514951706,"z":0.0010744043393060566,"w":-0.9877797365188599},"size":3.7489888668060304,"orthographic":false}