{"cameraMode":{"drawMode":0,"name":"Shaded","section":"Shading Mode"},"sceneLighting":false,"audioPlay":false,"sceneViewState":{"showFog":true,"showMaterialUpdate":false,"showSkybox":false,"showFlares":true,"showImageEffects":true,"showParticleSystems":true,"showVisualEffectGraphs":true,"m_FxEnabled":true},"in2DMode":false,"pivot":{"x":10.882854461669922,"y":1.7358293533325196,"z":12.975406646728516},"rotation":{"x":0.0066725206561386589,"y":0.9372892379760742,"z":0.017991451546549798,"w":-0.3480054438114166},"size":-0.06587386131286621,"orthographic":false}